{
  "homografia": [
    [
      -0.00011535117332613495,
      0.0006578722234078216,
      -0.08519059318875254
    ],
    [
      -0.00016758016634959216,
      -3.9186691801806786e-05,
      0.12042099587900887
    ],
    [
      -0.003136273827553391,
      -0.0005543358091560718,
      1.0
    ]
  ],
  "puntos_px": [
    [
      500.5,
      120.5
    ],
    [
      462.5,
      304.75
    ],
    [
      91.75,
      40.75
    ],
    [
      62.5,
      242.25
    ]
  ],
  "puntos_robot": [
    [
      0.10000000149011612,
      -0.05000000074505806
    ],
    [
      -0.10000000149011612,
      -0.05000000074505806
    ],
    [
      -0.10000000149011612,
      0.15000000596046448
    ],
    [
      0.10000000149011612,
      0.15000000596046448
    ]
  ]
}