{
  "homografia": [
    [
      0.0001268670989066204,
      -0.00023056150806966295,
      -0.34815521567440955
    ],
    [
      0.0001268670989066202,
      -0.00023056150806966336,
      -0.34815521567440944
    ],
    [
      0.00031716774514318997,
      -0.0005764037425457426,
      -0.8703880285556657
    ]
  ],
  "puntos_px": [
    [
      149,
      28
    ],
    [
      492,
      37
    ],
    [
      128,
      384
    ],
    [
      498,
      377
    ]
  ],
  "puntos_robot": [
    [
      0.4,
      0.4
    ],
    [
      0.4,
      0.4
    ],
    [
      0.4,
      0.4
    ],
    [
      0.4,
      0.4
    ]
  ]
}